7d38c829-abed-4620-b2d1-44296c95298c,정지아,"1988-04-11, 36세",Male,서울시 영등포구 228로
d34ffa4c-adca-40be-ae98-8ddedcd0cf4a,서채원,"1975-07-22, 49세",Female,서울시 영등포구 228로
87d19181-ba2d-48e6-b2c2-572d96baefa2,홍서현,"1990-03-18, 34세",Female,서울시 영등포구 228로
e61deb2a-836d-46d2-a736-969e1ead4193,전하윤,"1982-08-30, 42세",Male,서울시 영등포구 228로
113c881c-9f03-485f-8ab7-3033b9a68822,안하준,"2000-03-09, 24세",Male,서울시 영등포구 228로
b9bbdf93-9ee1-47a4-b006-4b6015ba7520,최하준,"1963-12-29, 61세",Female,서울시 영등포구 228로
3a421ef8-687b-42ce-9252-8c5d1ad3436d,전서윤,"1996-05-28, 28세",Male,서울시 영등포구 228로
dfc2eddc-ec6a-4b1b-9583-04bce3f5b1a0,송지민,"1970-10-17, 54세",Male,서울시 영등포구 228로
fccca690-6ef4-41e1-aac1-eed2c8bd32c1,서민서,"1968-02-16, 56세",Female,서울시 영등포구 228로
682a84c0-6c9c-4a91-bef7-277e54b88aa0,신서연,"1982-11-18, 42세",Male,서울시 영등포구 228로
