Id,Name,Age,Birthdate,Gender,Address
8d718062-3b05-4936-85b0-a4891e3fceaa,신채원,"1967-09-30, 57세",Female,부산시 동구 96번길 36
e9a02f1a-f90f-411b-a7cf-4ae5c0bfb0fa,박수아,"1961-06-02, 63세",Male,서울시 마포구 255번길 38
64853e80-9acf-4316-b8cd-84f40731727a,임하준,"1999-01-31, 25세",Female,서울시 강북구 141번길 50
1460969e-9950-46fd-916d-c957f21feed7,홍주원,"2004-06-03, 20세",Female,부산시 수영구 86번길 50
4b5b6872-d22b-4327-b323-ebe3809f6ef8,송하준,"1969-06-30, 55세",Female,서울시 용산구 172번길 28
81673cba-3a7c-4f03-a9dc-c0115181fdbc,황지후,"1964-06-11, 60세",Female,인천시 부평구 145번길 47
67d0213a-de99-4bae-8ecb-d01062fbace7,윤지민,"1989-11-24, 35세",Male,서울시 중구 220번길 4
0078219a-d204-43e0-81fd-92c74f400802,황도윤,"1984-08-18, 40세",Female,부산시 북구 200번길 8
056f00c8-8765-423c-9ba1-6e38a9c8c907,오주원,"1989-09-07, 35세",Female,부산시 수영구 258번길 7
4f140871-3436-4f53-8936-98065e796f09,김지유,"1960-09-22, 64세",Female,서울시 서초구 116번길 32
